{
  "name": "Pallet Town",
  "tileset": "Kanto",
  "width": 24,
  "height": 20,
  "layers": 3,
  "tiles": [
    [32,33,32,33,32,33,32,33,32,33,32,33,53,55,32,33,32,33,32,33,32,33,32,33,42,43,40,41,40,41,40,41,40,41,40,41,61,63,40,41,40,41,40,41,40,41,42,43,32,33,53,54,54,54,54,54,54,54,54,54,51,52,54,54,54,54,54,54,54,55,32,33,42,43,61,60,70,70,70,70,70,70,59,62,60,70,70,70,70,70,70,70,59,63,42,43,32,33,61,63,0,0,0,0,0,0,61,62,63,0,0,0,0,0,0,0,61,63,32,33,42,43,61,63,0,0,0,0,0,0,61,62,63,0,0,0,0,0,0,0,61,63,42,43,32,33,61,63,0,0,0,0,0,0,61,62,63,0,0,0,0,0,0,0,61,63,32,33,42,43,61,63,0,0,0,0,0,0,61,62,63,0,0,0,0,0,0,0,61,63,42,43,32,33,61,52,54,54,51,62,52,54,51,62,52,54,54,51,62,52,54,54,51,63,32,33,42,43,61,62,62,62,62,62,62,62,62,60,70,70,70,70,70,70,70,70,59,63,42,43,32,33,61,60,70,70,70,70,70,70,59,63,0,0,0,0,0,0,0,0,61,63,32,33,42,43,61,63,0,0,0,0,0,0,61,63,0,0,0,0,0,0,0,0,61,63,42,43,32,33,61,63,18,18,18,18,0,0,61,63,0,0,0,0,0,0,0,0,61,63,32,33,42,43,61,63,18,18,18,18,0,0,61,63,0,0,0,0,0,0,0,0,61,63,42,43,32,33,61,63,0,0,0,0,0,0,61,63,0,0,54,54,54,0,0,0,61,63,32,33,42,43,61,52,54,54,54,54,54,54,51,52,54,54,51,62,52,54,54,54,51,63,42,43,32,33,61,62,62,62,62,62,62,62,62,62,62,62,62,62,62,62,62,62,62,63,32,33,42,43,69,70,70,70,70,70,70,70,59,62,62,62,62,62,62,62,62,62,62,63,42,43,32,33,0,0,0,0,0,0,0,0,61,60,70,70,70,70,70,70,70,70,70,71,32,33,42,43,0,0,0,0,0,0,0,0,69,71,0,0,0,0,0,0,0,0,0,0,42,43],
    [-1,-1,-1,-1,-1,-1,-1,-1,-1,-1,-1,-1,-1,-1,-1,-1,-1,-1,-1,-1,-1,-1,-1,-1,-1,-1,-1,-1,-1,-1,-1,-1,-1,-1,-1,-1,-1,-1,-1,-1,-1,-1,-1,-1,-1,-1,-1,-1,-1,-1,-1,-1,-1,-1,-1,-1,-1,-1,-1,-1,-1,-1,-1,-1,-1,-1,-1,-1,-1,-1,-1,-1,-1,-1,-1,-1,-1,-1,-1,-1,-1,-1,-1,-1,-1,-1,-1,-1,-1,-1,-1,-1,-1,-1,-1,-1,-1,-1,-1,-1,-1,-1,-1,-1,-1,-1,-1,-1,-1,-1,-1,-1,-1,-1,-1,-1,-1,-1,-1,-1,-1,-1,-1,-1,-1,344,345,346,347,348,-1,-1,-1,-1,344,345,346,347,348,-1,-1,-1,-1,-1,-1,-1,-1,-1,-1,352,353,354,355,356,-1,-1,-1,-1,352,353,354,355,356,-1,-1,-1,-1,-1,-1,-1,-1,-1,56,360,361,362,363,364,-1,-1,-1,56,360,361,362,363,364,-1,-1,-1,-1,-1,-1,-1,-1,-1,-1,-1,-1,-1,-1,-1,-1,-1,-1,-1,-1,-1,-1,-1,-1,-1,-1,-1,-1,-1,-1,-1,-1,-1,-1,-1,-1,-1,-1,-1,-1,-1,-1,-1,-1,-1,-1,-1,-1,-1,-1,-1,-1,-1,-1,-1,-1,-1,-1,-1,-1,-1,-1,-1,-1,-1,-1,288,289,290,291,292,-1,-1,-1,-1,-1,-1,-1,-1,-1,-1,126,126,126,126,126,-1,-1,-1,-1,296,297,298,299,300,301,302,-1,-1,-1,-1,-1,-1,-1,-1,-1,-1,-1,-1,-1,-1,-1,-1,-1,304,305,306,307,308,309,310,-1,-1,-1,-1,-1,-1,-1,-1,-1,-1,-1,-1,-1,-1,-1,-1,-1,312,313,314,315,316,317,318,-1,-1,-1,-1,-1,-1,-1,-1,-1,44,-1,-1,-1,-1,-1,-1,-1,320,321,322,323,324,325,326,-1,-1,-1,-1,-1,-1,-1,-1,-1,-1,-1,-1,-1,-1,-1,-1,-1,-1,-1,-1,-1,-1,-1,-1,-1,-1,-1,-1,-1,-1,-1,-1,-1,-1,-1,-1,-1,-1,-1,-1,-1,-1,-1,-1,-1,-1,-1,-1,-1,-1,-1,-1,-1,-1,-1,-1,-1,-1,-1,-1,-1,-1,-1,-1,-1,-1,-1,-1,-1,-1,-1,-1,-1,-1,-1,-1,-1,-1,-1,-1,-1,-1,-1,-1,-1,-1,-1,-1,-1,-1,-1,-1,-1,-1,-1,-1,-1,-1,-1,-1,-1,-1,-1,-1,-1,-1,-1,-1,-1,-1,-1,-1,-1,-1,-1,-1,-1,-1,-1,-1,-1,-1,-1,-1],
    [-1,-1,-1,-1,-1,-1,-1,-1,-1,-1,-1,-1,-1,-1,-1,-1,-1,-1,-1,-1,-1,-1,-1,-1,-1,-1,-1,-1,-1,-1,-1,-1,-1,-1,-1,-1,-1,-1,-1,-1,-1,-1,-1,-1,-1,-1,-1,-1,-1,-1,-1,-1,-1,-1,-1,-1,-1,-1,-1,-1,-1,-1,-1,-1,-1,-1,-1,-1,-1,-1,-1,-1,-1,-1,-1,-1,-1,328,329,330,331,332,-1,-1,-1,-1,328,329,330,331,332,-1,-1,-1,-1,-1,-1,-1,-1,-1,-1,336,337,338,339,340,-1,-1,-1,-1,336,337,338,339,340,-1,-1,-1,-1,-1,-1,-1,-1,-1,-1,-1,-1,-1,-1,-1,-1,-1,-1,-1,-1,-1,-1,-1,-1,-1,-1,-1,-1,-1,-1,-1,-1,-1,-1,-1,-1,-1,-1,-1,-1,-1,-1,-1,-1,-1,-1,-1,-1,-1,-1,-1,-1,-1,-1,-1,-1,-1,-1,-1,-1,-1,-1,-1,-1,-1,-1,-1,-1,-1,-1,-1,-1,-1,-1,-1,-1,-1,-1,-1,-1,-1,-1,-1,-1,-1,-1,-1,-1,-1,-1,-1,-1,-1,-1,-1,-1,-1,-1,-1,-1,-1,-1,-1,-1,-1,-1,-1,-1,-1,-1,-1,-1,-1,-1,280,281,282,283,284,-1,-1,-1,-1,-1,-1,-1,-1,-1,-1,-1,-1,-1,-1,-1,-1,-1,-1,-1,-1,-1,-1,-1,-1,293,294,-1,-1,-1,-1,-1,-1,-1,-1,-1,-1,-1,-1,-1,-1,-1,-1,-1,-1,-1,-1,-1,-1,-1,-1,-1,-1,-1,-1,-1,-1,-1,-1,-1,-1,-1,-1,-1,-1,-1,-1,-1,-1,-1,-1,-1,-1,-1,-1,-1,-1,-1,-1,-1,-1,-1,-1,-1,-1,-1,-1,-1,-1,-1,-1,-1,-1,-1,-1,-1,-1,-1,-1,-1,-1,-1,-1,-1,-1,-1,-1,-1,-1,-1,-1,-1,-1,-1,-1,-1,-1,-1,-1,-1,-1,-1,-1,-1,-1,-1,-1,-1,-1,-1,-1,-1,-1,-1,-1,-1,-1,-1,-1,-1,-1,-1,-1,-1,-1,-1,-1,-1,-1,-1,-1,-1,-1,-1,-1,-1,-1,-1,-1,-1,-1,-1,-1,-1,-1,-1,-1,-1,-1,-1,-1,-1,-1,-1,-1,-1,-1,-1,-1,-1,-1,-1,-1,-1,-1,-1,-1,-1,-1,-1,-1,-1,-1,-1,-1,-1,-1,-1,-1,-1,-1,-1,-1,-1,-1,-1,-1,-1,-1,-1,-1,-1,-1,-1,-1,-1,-1,-1,-1,-1,-1,-1,-1,-1,-1,26,27,26,27,26,27,26,27,-1,-1,26,27,26,27,26,27,26,27,26,27,-1,-1],
  ],
  "connections": {
    "north": "Route 1",
  },
    "events": [
        {
            "name": "Ball:Pikachu",
            "map": ["Pallet Town", 12, 18],
            "default_graphic": "Graphics/pokeball.png",
            "pages": [
                {
                    "events": {
                        "0": ["Condition", ["Switch", "gotpokemon", "false"], {
                        "0": ["Message", "Would you like to take the PIKACHU?"],
                        "1": ["Select", ["YES", "NO"], "temp"],
                        "2": ["Condition", ["Variable", "temp", "=", 0], {
                            "3": ["Give_Pokemon", ["Pikachu", 5]],
                            "4": ["Message", "{$player.name} obtained an PIKACHU."],
                            "5": ["Switch", "gotpikachu", "true"],
                            "6": ["Switch", "gotpokemon", "true"],
                        }, {
                            "7": ["Message", "You must think carefully about this decision."]
                        }]
                        }, {
                            "9": ["Message", "It's the last remaining POKeBALL.\nIt contains an PIKACHU."]
                        }]
                    },
                    "graphic": "Graphics/pokeball.png",
                    "condition": [],
                    "cause": "interact"
                },
                {
                    "events": {
                        
                    },
                    "graphic": "null",
                    "through": true,
                    "condition": [["Switch", "gotpikachu", "true"]]
                }
            ]
        },
        {
            "name": "Ball:Eevee",
            "map": ["Pallet Town", 13, 18],
            "default_graphic": "Graphics/pokeball.png",
            "pages": [
                {
                    "events": {
                        "0": ["Condition", ["Switch", "gotpokemon", "false"], {
                        "0": ["Message", "Would you like to take the EEVEE?"],
                        "1": ["Select", ["YES", "NO"], "temp"],
                        "2": ["Condition", ["Variable", "temp", "=", 0], {
                            "3": ["Give_Pokemon", ["Eevee", 5]],
                            "4": ["Message", "{$player.name} obtained an EEVEE."],
                            "5": ["Switch", "goteevee", "true"],
                            "6": ["Switch", "gotpokemon", "true"],
                        }, {
                            "7": ["Message", "You must think carefully about this decision."]
                        }]
                        }, {
                            "9": ["Message", "It's the last remaining POKeBALL.\nIt contains an EEVEE."]
                        }]
                    },
                    "graphic": "Graphics/pokeball.png",
                    "condition": [],
                    "cause": "interact"
                },
                {
                    "events": {
                        
                    },
                    "graphic": "null",
                    "through": true,
                    "condition": [["Switch", "goteevee", "true"]]
                }
            ]
        }
    ]
}