{
  "name": "Johto",
  "images": [
    "johto/tileset.png"
  ],
  "width": 32,
  "height": 32,
  "data": {
      "6": 1,
      "32": 1,
      "33": 1,
      "38": 1,
      "39": 1,
      "40": 1,
      "41": 1,
      "42": 1,
      "43": 1,
      "44": 1,
      "125": 1,
      "126": 1,
      "127": 1,
      "133": 1,
      "135": 1,
      "145": 4,
      "147": 4,
      "148": 4,
      "224": 1,
      "225": 1,
      "226": 1,
      "227": 1,
      "228": 1,
      "232": 1,
      "233": 1,
      "234": 1,
      "235": 1,
      "236": 1,
      "237": 1,
      "238": 1,
      "240": 1,
      "241": 1,
      "242": 1,
      "243": 1,
      "244": 1,
      "245": 1,
      "246": 1,
      "248": 1,
      "249": 1,
      "250": 1,
      "251": 1,
      "252": 1,
      "253": 1,
      "254": 1,
      "256": 1,
      "257": 1,
      "259": 1,
      "260": 1,
      "261": 1,
      "262": 1,
      "280": 1,
      "281": 1,
      "282": 1,
      "283": 1,
      "284": 1,
      "288": 1,
      "289": 1,
      "290": 1,
      "291": 1,
      "292": 1,
      "296": 1,
      "297": 1,
      "299": 1,
      "300": 1,
  }
}