{
  "name": "Kanto",
  "images": [
    "kanto/tileset.png"
  ],
  "width": 32,
  "height": 32,
  "data": {
      "6": 1,
      "7": 1,
      "32": 1,
      "33": 1,
      "38": 1,
      "39": 1,
      "40": 1,
      "41": 1,
      "42": 1,
      "43": 1,
      "44": 1,
      "56": 1,
      "125": 1,
      "126": 1,
      "127": 1,
      "133": 1,
      "135": 1,
      "141": 1,
      "142": 1,
      "143": 1,
      "145": 4,
      "147": 4,
      "148": 4,
      
      "156": 1,
      "157": 1,
      "163": 1,
      "165": 1,
      "171": 1,
      "172": 1,
      "173": 1,
      
      "224": 1,
      "225": 1,
      "226": 1,
      "227": 1,
      "232": 1,
      "233": 1,
      "234": 1,
      "235": 1,
      "240": 1,
      "242": 1,
      "243": 1,
      "260": 1,
      "261": 1,
      "262": 1,
      "263": 1,
      "268": 1,
      "269": 1,
      "270": 1,
      "271": 1,
      "276": 1,
      "277": 1,
      "279": 1,
      "288": 1,
      "289": 1,
      "290": 1,
      "291": 1,
      "292": 1,
      "296": 1,
      "297": 1,
      "298": 1,
      "299": 1,
      "300": 1,
      "301": 1,
      "302": 1,
      "304": 1,
      "305": 1,
      "306": 1,
      "307": 1,
      "308": 1,
      "309": 1,
      "310": 1,
      "312": 1,
      "313": 1,
      "314": 1,
      "315": 1,
      "316": 1,
      "317": 1,
      "318": 1,
      "320": 1,
      "321": 1,
      "323": 1,
      "324": 1,
      "325": 1,
      "326": 1,
      "341": 1,
      "344": 1,
      "345": 1,
      "346": 1,
      "347": 1,
      "348": 1,
      "352": 1,
      "353": 1,
      "354": 1,
      "355": 1,
      "356": 1,
      "360": 1,
      "361": 1,
      "363": 1,
      "364": 1,
      "376": 1,
      "377": 1,
      "378": 1,
      "379": 1,
      "380": 1,
      "381": 1,
      "382": 1,
      "384": 1,
      "385": 1,
      "386": 1,
      "387": 1,
      "388": 1,
      "389": 1,
      "390": 1,
      "392": 1,
      "393": 1,
      "394": 1,
      "395": 1,
      "396": 1,
      "397": 1,
      "398": 1,
      "400": 1,
      "401": 1,
      "402": 1,
      "404": 1,
      "405": 1,
      "406": 1,
  }
}