{
  "name": "Kanto",
  "image": "Graphics/tileset.png",
  "width": 32,
  "height": 32,
  "data": {
      "6": 15,
      "7": 15,
      "32": 15,
      "33": 15,
      "38": 15,
      "39": 15,
      "40": 15,
      "41": 15,
      "42": 15,
      "43": 15,
      "44": 15,
      "56": 15,
      "125": 15,
      "126": 15,
      "127": 15,
      "133": 15,
      "135": 15,
      "141": 15,
      "142": 15,
      "143": 15,
      "145": 46,
      "147": 46,
      "148": 46,
      
      "156": 15,
      "157": 15,
      "163": 15,
      "165": 15,
      "171": 15,
      "172": 15,
      "173": 15,
      
      "224": 15,
      "225": 15,
      "226": 15,
      "227": 15,
      "232": 15,
      "233": 15,
      "234": 15,
      "235": 15,
      "240": 15,
      "242": 15,
      "243": 15,
      "260": 15,
      "261": 15,
      "262": 15,
      "263": 15,
      "268": 15,
      "269": 15,
      "270": 15,
      "271": 15,
      "276": 15,
      "277": 15,
      "279": 15,
      "288": 15,
      "289": 15,
      "290": 15,
      "291": 15,
      "292": 15,
      "296": 15,
      "297": 15,
      "298": 15,
      "299": 15,
      "300": 15,
      "301": 15,
      "302": 15,
      "304": 15,
      "305": 15,
      "306": 15,
      "307": 15,
      "308": 15,
      "309": 15,
      "310": 15,
      "312": 15,
      "313": 15,
      "314": 15,
      "315": 15,
      "316": 15,
      "317": 15,
      "318": 15,
      "320": 15,
      "321": 15,
      "323": 15,
      "324": 15,
      "325": 15,
      "326": 15,
      "341": 15,
      "344": 15,
      "345": 15,
      "346": 15,
      "347": 15,
      "348": 15,
      "352": 15,
      "353": 15,
      "354": 15,
      "355": 15,
      "356": 15,
      "360": 15,
      "361": 15,
      "363": 15,
      "364": 15,
      "376": 15,
      "377": 15,
      "378": 15,
      "379": 15,
      "380": 15,
      "381": 15,
      "382": 15,
      "384": 15,
      "385": 15,
      "386": 15,
      "387": 15,
      "388": 15,
      "389": 15,
      "390": 15,
      "392": 15,
      "393": 15,
      "394": 15,
      "395": 15,
      "396": 15,
      "397": 15,
      "398": 15,
      "400": 15,
      "401": 15,
      "402": 15,
      "404": 15,
      "405": 15,
      "406": 15,
  }
}